data_extracao,codigo,nome,telefone,logradouro,numero,latitude,longitude
10/03/2020 01:58,1,RODOVIÁRIA,3221-9371,LG VESPASIANO JULIO VEPPO,0,"-30,024","-51,2195"
10/03/2020 01:58,458,AV. DAS INDÚSTRIAS X AV. SEVERO DULLIUS,,AV. DAS INDÚSTRIAS,1344,"-29,9873","-51,1698"
10/03/2020 01:58,327,DOM PEDRO II X CORCOVADO,,R DOM PEDRO II,1551,"-30,0206","-51,1863"
10/03/2020 01:58,24,SHOPPING CENTER IGUATEMI II,4141-4695,AV JOAO WALLIG,1800,"-30,0254","-51,1632"
10/03/2020 01:58,60,RAMALHETE X TENENTE ALPOIN,3339-1241,R RAMALHETE,105,"-30,0673","-51,1768"
10/03/2020 01:58,68,MUCIO TEIXEIRA C/ AURELIANO DE FIGUEIREDO PINTO,3226-5109,R MUCIO TEIXEIRA,10,"-30,0438","-51,2233"
10/03/2020 01:58,105,MARCILIO DIAS X GETULIO VARGAS,3231-0808,R MARCILIO DIAS,763,"-30,0498","-51,2219"
10/03/2020 01:58,183,SILVEIRO X RADIO E TV GAUCHA,,R SILVEIRO,1220,"-30,0705","-51,2309"
10/03/2020 01:58,113,HOFFMANN X CRISTÓVÃO COLOMBO,3222-8176,R HOFFMANN,710,"-30,0215","-51,2074"
10/03/2020 01:58,121,MAXXI ATACADO HUMAITÁ,3374-1663,AV A J RENNER,1603,"-29,9824","-51,1926"
10/03/2020 01:58,100,JOÃO PESSOA X VENÂNCIO AIRES,3212-4398,AV JOAO PESSOA,1105,"-30,0412","-51,2165"
10/03/2020 01:58,267,DAN INN CONCEIÇÃO,3226-6498,R VIGARIO JOSE IGNACIO,618,"-30,0311","-51,2258"
10/03/2020 01:58,295,PINTO BANDEIRA X VOLUNTÁRIOS DA PÁTRIA,,R PINTO BANDEIRA,280,"-30,0267","-51,2224"
10/03/2020 01:58,399,SIOMA BREITMAN X NILO PEÇANHA,,RUA SIOMA BREITMAN,495,"-30,0346","-51,1852"
10/03/2020 01:58,40,"FREDERICO MENTZ, 1530",,R FREDERICO MENTZ,1561,"-29,9961","-51,2023"
10/03/2020 01:58,85,SANTA TERESINHA X VENÂNCIO AIRES,3330-5831,R SANTA TEREZINHA,79,"-30,0378","-51,211"
10/03/2020 01:58,411,24 DE OUTUBRO X AUXILIADORA,,R VINTE QUATRO DE OUTUBRO,1728,"-30,0217","-51,1915"
10/03/2020 01:58,66,FORUM CENTRAL,3224-1379,R MARCIO L VERAS VIDOR,10,"-30,0445","-51,2308"
10/03/2020 01:58,453,FERNANDO FERRARI,,R. FERNANDO FERRARI,1001,"-29,975","-51,167"
10/03/2020 01:58,456,VENÂNCIO AIRES X JOÃO PESSOA,,AV VENANCIO AIRES,355,"-30,0413","-51,2164"
10/03/2020 01:58,475,Paraguai x Cabral,,R PARAGUAI,50,"-30,0283","-51,2285"
10/03/2020 01:58,397,SERTÓRIO X FARRAPOS,,AV SERTORIO,615,-30,"-51,1996"
10/03/2020 01:58,438,BARÃO DO COTEGIPE X DOM PEDRO II,,R BARAO DO COTEGIPE,400,"-30,0093","-51,1886"
10/03/2020 01:58,370,CEL. MARCOS X DÉA COFAL,,AV CEL MARCOS,2519,"-30,1323","-51,2336"
10/03/2020 01:58,401,TIBURCIO X CORTE REAL X IPIRANGA,,R GEN TIBURCIO,50,"-30,0496","-51,1948"
10/03/2020 01:58,2,SALDANHA MARINHO X GETÚLIO VARGAS,3233-5680,R SALDANHA MARINHO,30,"-30,0577","-51,2226"
10/03/2020 01:58,56,PEDRO AUGUSTO BITTENCOURT X JUCA BATISTA,3248-2310,AV CEL PEDRO AUGUSTO BITTENCOURT,10,"-30,1425","-51,2179"
10/03/2020 01:58,112,HOSPITAL PRONTO SOCORRO (HPS),3331-4731,R AUGUSTO PESTANA,10,"-30,0372","-51,2092"
10/03/2020 01:58,167,ESCOBAR X OTTO NIEMEYER,,TRAV. ESCOBAR,336,"-30,104","-51,2363"
10/03/2020 01:58,347,GENUINO X BORGES DE MEDEIROS,,R CEL GENUINO,342,"-30,0368","-51,2279"
10/03/2020 01:58,447,GUILHERME SCHELL (ESPM),,R. GUILHERME SCHELL,268,"-30,0545","-51,2073"
10/03/2020 01:58,150,ARY DE ABREU LIMA X AV DO FORTE,,AV ENG ARY DE ABREU LIMA,5,"-30,0258","-51,1511"
10/03/2020 01:58,454,JOÃO ALFREDO X,,R. JOÃO ALFREDO,487,"-30,0413","-51,2253"
10/03/2020 01:58,325,COUTO DE MAGALHAES X PORTUGAL,,R GEN COUTO DE MAGALHAES,1868,"-30,0146","-51,183"
10/03/2020 01:58,480,HOTEL COMFORT,,AV LOUREIRO DA SILVA,1670,"-30,0283","-51,2285"
10/03/2020 01:58,72,SERTÓRIO X PRESIDENTE ROOSEVELT,3337-3042,AV SERTORIO,473,"-29,9996","-51,2012"
10/03/2020 01:58,122,PADRE CHAGAS X LUCIANA DE ABREU,3222-7481,R PADRE CHAGAS,242,"-30,0249","-51,2034"
10/03/2020 01:58,352,IRMÃO JOSE OTÃO X SANTO ANTONIO,,R IRMAO JOSE OTAO,540,"-30,0314","-51,2131"
10/03/2020 01:58,51,CAPITÓLIO,3224-3223,AV BORGES DE MEDEIROS,1080,"-30,0362","-51,228"
10/03/2020 01:58,63,PRAÇA PINHEIRO MACHADO X FARRAPOS,,AV PATRIA,613,"-30,0062","-51,2016"
10/03/2020 01:58,228,CALDAS JUNIOR X SETE DE SETEMBRO,,R CALDAS JUNIOR,180,"-30,03","-51,2321"
10/03/2020 01:58,460,AV. ASSIS BRASIL X AV. FRANCISCO TREIN,,AV. ASSIS BRASIL,2611,"-30,0109","-51,1611"
10/03/2020 01:58,25,SAPÉ X FRANCISCO TREIN,3361 4088,R SAPE,525,"-30,0179","-51,1585"
10/03/2020 01:58,61,FERNANDES VIEIRA X VASCO DA GAMA,3222-8931,R FERNANDES VIEIRA,261,"-30,0317","-51,2109"
10/03/2020 01:58,79,HOSPITAL MOINHOS DE VENTO,3311-3588,R RAMIRO BARCELOS,919,"-30,0271","-51,2092"
10/03/2020 01:58,201,VASCO ALVES X WASHINGTON LUIZ,,R GEN VASCO ALVES,490,"-30,0357","-51,2376"
10/03/2020 01:58,329,CARNEIRO DA FONTOURA X ASSIS BRASIL,,AV CARNEIRO DA FONTOURA,28,"-30,0113","-51,1663"
10/03/2020 01:58,120,SEBASTIÃO LEÃO EM FRENTE AO HOSPITAL PORTO ALEGRE,3221-5595,R DR SEBASTIAO LEAO,99,"-30,045","-51,2172"
10/03/2020 01:58,149,DIOMARIO MOOJEN X CAMPOS VELHO,,R DIOMARIO MOOJEN,30,"-30,0928","-51,2369"
10/03/2020 01:58,83,KASTELÃO TERESÓPOLIS,3336-2635,AV TERESOPOLIS,2888,"-30,079","-51,2088"
10/03/2020 01:58,291,TEATRO DA OSPA,,R GEN JOAO TELLES,10,"-30,0296","-51,2119"
10/03/2020 01:58,353,ITABORAI X BARÃO DO AMAZONAS,,R ITABORAI,677,"-30,0515","-51,187"
10/03/2020 01:58,396,SERGIO JUNGBLUT DIETRICH X SERTÓRIO,,R SERGIO JUNGBLUT DIETERICH,10,"-29,9975","-51,1427"
10/03/2020 01:58,478,Jerônimo Zelmanovitz x Assis Brasil,,R JERONYMO ZELMANOVITZ,60,"-30,0283","-51,2285"
10/03/2020 01:58,145,BOURBON COUNTRY,3328-0403,AV TULIO DE ROSE,80,"-30,0228","-51,1622"
10/03/2020 01:58,351,IRMÃO JOSÉ OTÃO X THOMAS FLORES,,R IRMAO JOSE OTAO,190,"-30,0306","-51,2165"
10/03/2020 01:58,45,SARMENTO LEITE X LIMA E SILVA,3221-8393,R SARMENTO LEITE,880,"-30,0367","-51,2233"
10/03/2020 01:58,59,PUC UNIVERSIDADE,3339-1133,AV IPIRANGA,6681,"-30,0581","-51,1764"
10/03/2020 01:58,280,TANAUI DA S BOEIRA X JOÃO DE O REMIÃO,33193030,R TANAUI DA SILVA BOEIRA,10,"-30,1242","-51,1045"
10/03/2020 01:58,434,VEADOR PORTO X IPIRANGA,,R VEADOR PORTO,795,"-30,049","-51,1974"
10/03/2020 01:58,305,ASSIS BRASIL X ITARARÉ,,AV ASSIS BRASIL,2201,"-30,0116","-51,1654"
10/03/2020 01:58,412,VOLUNTARIOS DA PATRIA X POLONIA,,R VOLUNTARIOS DA PATRIA,3223,"-30,0062","-51,2085"
10/03/2020 01:58,48,SANTA CECÍLIA X IPIRANGA (ZAFFARI),3331-0649,R SANTA CECILIA,1143,"-30,0456","-51,1991"
10/03/2020 01:58,380,OSCAR PEREIRA X PRAÇA DA SAUDADE,,AV PROF OSCAR PEREIRA,400,"-30,0548","-51,211"
10/03/2020 01:58,400,TEIXEIRA MENDES X NILO PEÇANHA,,AV TEIXEIRA MENDES,1309,"-30,0287","-51,1658"
10/03/2020 01:58,420,INDEPENDÊNCIA,,AV INDEPENDENCIA,813,"-30,0295","-51,213"
10/03/2020 01:58,80,CAERGS,3288-1200,AV BORGES DE MEDEIROS,1501,"-30,0404","-51,2286"
10/03/2020 01:58,101,ANITA GARIBALDI X FABIO N BARROS,3328-1891,R ANITA GARIBALDI,1985,"-30,0231","-51,176"
10/03/2020 01:58,123,ZAFFARI LIMA E SILVA,4141-4158,R LUIZ AFONSO,143,"-30,0386","-51,2205"
10/03/2020 01:58,358,JOÃO ZANENGA X ASSIS BRASIL,,R JOAO ZANENGA,11,"-30,0102","-51,1555"
10/03/2020 01:58,55,HOSPITAL NOSSA SENHORA DA CONCEIÇÃO,3341-5688,AV FRANCISCO TREIN,557,"-30,0163","-51,1593"
10/03/2020 01:58,161,PRAÇA ALBERTO PASQUALINI,,AV ALBERTO PASQUALINI,240,"-30,03","-51,1452"
10/03/2020 01:58,436,BIG SHOPPING EDUARDO PRADO,3250-6064,"AV, EDUARDO PRADO 330",1194,"-30,1292","-51,2187"
10/03/2020 01:58,30,TERMINAL ANTÔNIO DE CARVALHO,3336-5841,AV ANTONIO CARVALHO,44,"-30,0651","-51,1511"
10/03/2020 01:58,132,FELIZARDO X FELIZARDO FURTADO,3330-1192,R FELIZARDO FURTADO,649,"-30,0492","-51,1837"
10/03/2020 01:58,135,POSTO GLÓRIA,3339-0456,AV PROF OSCAR PEREIRA,2728,"-30,0743","-51,2024"
10/03/2020 01:58,223,JOAO PESSOA X AVAI,,AV JOÃO PESSOA,85,"-30,0332","-51,2227"
10/03/2020 01:58,417,DEMETRIO RIBEIRO X GEN BENTO MARTINS,,R DEMETRIO RIBEIRO,551,"-30,0358","-51,2338"
10/03/2020 01:58,485,Polônia x Rio Grande,,AV POLONIA,255,"-30,0075","-51,2068"
10/03/2020 01:58,31,"ASSIS BRASIL, 6464",3364-1234,AV ASSIS BRASIL,6476,"-29,9943","-51,1296"
10/03/2020 01:58,237,BORGES DE MEDEIROS X PRAÇA MONTEVIDEO,,AV BORGES DE MEDEIROS,262,"-30,0286","-51,228"
10/03/2020 01:58,249,SR DOS PASSOS X VOLUNTARIOS DA PATRIA,,R SENHOR DOS PASSOS,30,"-30,0273","-51,224"
10/03/2020 01:58,86,BOTAFOGO X AZENHA,3223-3555,R BOTAFOGO,1455,"-30,0552","-51,2151"
10/03/2020 01:58,310,AZENHA X IPIRANGA,,AV DA AZENHA,366,"-30,047","-51,2137"
10/03/2020 01:58,256,SENHOR DOS PASSOS X ANDRADAS,,R SENHOR DOS PASSOS,259,"-30,0294","-51,2234"
10/03/2020 01:58,292,ANNES DIAS X PRAÇA DOM FELICIANO,,R PROF ANNES DIAS,155,"-30,0308","-51,2234"
10/03/2020 01:58,369,MARCILIO DIAS X AZENHA,,R MARCILIO DIAS,1565,"-30,0505","-51,2133"
10/03/2020 01:58,70,AUXILIADORA X 24 DE OUTUBRO,(51) 3337-2121,R AUXILIADORA,268,"-30,0217","-51,1909"
10/03/2020 01:58,355,JOÃO INACIO X CEARA,,R DR JOAO INACIO,1366,"-30,0031","-51,1924"
10/03/2020 01:58,466,FRANCISCO RODOLFO SIMCH X JOAO LUDERIZT,,AV ENG FRANCISCO RODOLFO SIMCH,117,"-30,0067","-51,1349"
10/03/2020 01:58,262,NOVOTEL,3331-1600,AV SOLEDADE,555,"-30,0328","-51,1791"
10/03/2020 01:58,366,LUCAS DE OLIVEIRA X PEDRO IVO,,AV CEL LUCAS DE OLIVEIRA,845,"-30,0297","-51,1946"
10/03/2020 01:58,433,SETE DE SETEMBRO X TRAV ARAÚJO RIBEIRO,,R SETE DE SETEMBRO,601,"-30,0307","-51,2344"
10/03/2020 01:58,213,BORGES DE MEDEIROS X DEMETRIO RIBEIRO,,AV BORGES DE MEDEIROS,1057,"-30,036","-51,2281"
10/03/2020 01:58,222,LUIZ AFONSO X JOSE DO PATROCINIO,,R LUIZ AFONSO,395,"-30,0401","-51,2229"
10/03/2020 01:58,258,HOTEL PLAZA SÃO RAFAEL,3227-8014,AV ALBERTO BINS,514,"-30,028","-51,2214"
10/03/2020 01:58,283,AUGUSTO SEVERO,3362-1213,R AUGUSTO SEVERO,15,"-30,0072","-51,1889"
10/03/2020 01:58,27,ERNESTO DA FONTOURA X BENJAMIN CONSTANT,3342-9714,R ERNESTO FONTOURA,1510,"-30,0105","-51,1931"
10/03/2020 01:58,69,TRT PRAIA DE BELAS,3231-5195,R MARCILIO DIAS,200,"-30,049","-51,2278"
10/03/2020 01:58,177,ERECHIM X NONOAI,,R ERECHIM,782,"-30,0889","-51,2173"
10/03/2020 01:58,229,PRAÇA MARECHAL DEODORO(TEATRO SÃO PEDRO),,R GEN CAMARA,521,"-30,0319","-51,2302"
10/03/2020 01:58,270,CABRAL,3379-1744,R CABRAL,15,"-30,0331","-51,2082"
10/03/2020 01:58,372,MARILAND X AMERICA,,AV MARILAND,431,"-30,0186","-51,1943"
10/03/2020 01:58,393,SÃO MANOEL X LEOPOLDO BIER,,R SAO MANOEL,1213,"-30,0447","-51,2046"
10/03/2020 01:58,17,BOURBON ASSIS BRASIL,3343-5607,AV ASSIS BRASIL,200,"-30,0081","-51,184"
10/03/2020 01:58,76,JERÔNIMO DE ORNELAS X JACINTO GOMES,3223-2512,AV JERONIMO DE ORNELAS,601,"-30,0403","-51,2094"
10/03/2020 01:58,415,BERNARDINO AMORIM X SATURNINO VANDERLOTE,,AV BERNARDINO SILVEIRA DE AMORIM,3450,"-30,0058","-51,0969"
10/03/2020 01:58,57,PRAÇA GUIA LOPES (TERESÓPOLIS - FIM DA LINHA),3336-3342,,0,"-30,0811","-51,2122"
10/03/2020 01:58,224,SHOPPING NOVA OLARIA,,R GEN LIMA E SILVA,776,"-30,0393","-51,2201"
10/03/2020 01:58,333,CINCO DE NOVEMBRO X SEPÉ TIARAJÚ,,AV CINCO DE NOVEMBRO,30,"-30,0756","-51,2145"
10/03/2020 01:58,41,PRAIA DE BELAS SHOPPING,(51) 3231-4433,AV BORGES DE MEDEIROS,2700,"-30,0512","-51,2297"
10/03/2020 01:58,410,24 DE OUTUBRO X MARILAND,,R VINTE QUATRO DE OUTUBRO,1427,"-30,0222","-51,1943"
10/03/2020 01:58,119,PANAMERICANA X CATAMARCA,3344-4490,AV PANAMERICANA,104,"-30,0096","-51,1512"
10/03/2020 01:58,96,ÁLVARO ALVIM (HCPA),3331-0524,RUA PROF. ÁLVARO ALVIM,436,"-30,0374","-51,1976"
10/03/2020 01:58,444,ASSIS BRASIL (FORO SARANDI),,AV. ASSIS BRASIL,7625,"-29,9869","-51,1211"
10/03/2020 01:58,337,FARRAPOS X CONDE DE PORTO ALEGRE,,AV FARRAPOS,1962,"-30,0149","-51,2056"
10/03/2020 01:58,348,GIORDANO BRUNO X PROTÁSIO ALVES,,R GIORDANO BRUNO,388,"-30,0372","-51,2065"
10/03/2020 01:58,208,ANDRADAS X JOÃO MANOEL,,R GEN JOAO MANOEL,290,"-30,0312","-51,2334"
10/03/2020 01:58,402,ANEXO Hospital Moinhos de Ventos,,R TIRADENTES,333,"-30,0245","-51,2082"
10/03/2020 01:58,187,ORFANOTROFIO (UNIVERSIDADE UNIRITTER),,R ORFANOTROFIO,570,"-30,0806","-51,2193"
10/03/2020 01:58,209,SIQUEIRA CAMPOS X JOÃO MANOEL,,R SIQUEIRA CAMPOS,735,"-30,0297","-51,2344"
10/03/2020 01:58,232,CAPITÃO MONTANHA X SIQUEIRA CAMPOS,,R CAPITÃO MONTANHA,37,"-30,0286","-51,2324"
10/03/2020 01:58,6,BARRA SHOPPING SUL,3266-6514,AV DIARIO DE NOTICIAS,0,"-30,0812","-51,2464"
10/03/2020 01:58,65,HOSPITAL MÃE DE DEUS,3233-9531,R JOSE DE ALENCAR,286,"-30,0596","-51,2288"
10/03/2020 01:58,251,JUSTIÇA FEDERAL (ANEXO),,R OTAVIO FRANCISCO CARUSO DA ROCHA,600,"-30,0401","-51,2348"
10/03/2020 01:58,166,CEL MASSOT X CEL ARISTIDES,,R CEL MASSOT,400,"-30,1003","-51,2447"
10/03/2020 01:58,269,HOSPITAL SANTA CASA (ÁREA INTERNA),32125526,AV INDEPENDENCIA,155,"-30,0296","-51,2199"
10/03/2020 01:58,335,FARIA SANTOS X ARTIGAS,,R FARIA SANTOS,589,"-30,0481","-51,1912"
10/03/2020 01:58,21,JOÃO PESSOA (CENTRO COMERCIAL),3223-7447,AV JOAO PESSOA,1788,"-30,0454","-51,2131"
10/03/2020 01:58,131,BEZERRA DE MENEZES X ASSIS BRASIL,3361-3372,R BEZERRA DE MENEZES,102,"-30,0117","-51,1691"
10/03/2020 01:58,452,MARQUÊS DO HERVAL X QUINTINO BOCAIÚVA,,R. MARQUÊS DO HERVAL,540,"-30,0212","-51,1989"
10/03/2020 01:58,97,OSCAR BITTENCOURT X JOSÉ DE ALENCAR,3233-2297,R DR OSCAR BITTENCOURT,203,"-30,0601","-51,2248"
10/03/2020 01:58,253,HOTEL TULIP INN,3221-5477,AV ALBERTO BINS,308,"-30,0281","-51,2236"
10/03/2020 01:58,405,VENANCIO AIRES X AUGUSTO PESTANA,,AV VENANCIO AIRES,1355,"-30,0368","-51,2089"
10/03/2020 01:58,374,MONTEIRO LOBATO X SÃO MANOEL,,R MONTEIRO LOBATO,236,"-30,0539","-51,197"
10/03/2020 01:58,482,PADRE CACIQUE(BEIRA RIO),,AV PADRE CACIQUE,891,"-30,0283","-51,2285"
10/03/2020 01:58,357,JERONIMO DE ORNELAS X SANTANA,,AV JERONIMO DE ORNELAS,287,"-30,0419","-51,2119"
10/03/2020 01:58,375,MOURA AZEVEDO X PRES FRANKLIN ROOSEVELT,,R MOURA AZEVEDO,517,"-30,0113","-51,2045"
10/03/2020 01:58,20,SILVA JARDIM X ANITA GARIBALDI,3331-2612,R SILVA JARDIM,581,"-30,0272","-51,1901"
10/03/2020 01:58,230,GEN CAMARA X GEN ANDRADE NEVES,,R GEN CAMARA,376,"-30,0307","-51,2299"
10/03/2020 01:58,284,TRIBUNAL DE JUSTIÇA ESTADUAL,32110505,AV BORGES DE MEDEIROS,1565,"-30,0429","-51,2289"
10/03/2020 01:58,35,GENERAL PORTINHO X ANDRADAS,3228-7541,R GEN PORTINHO,199,"-30,0326","-51,2374"
10/03/2020 01:58,345,FRANCISCO TREIN X PR SADY CONCEIÇÃO,,AV FRANCISCO TREIN,596,"-30,0163","-51,1592"
10/03/2020 01:58,94,JARDIM PLANALTO,3347-2590,R VITORIO FRANCISCO GIORDANI,300,"-30,0109","-51,1357"
10/03/2020 01:58,362,MIN DE OLIVEIRA LIMA X PRESIDENTE JUAREZ,,R MINISTRO OLIVEIRA LIMA,21,"-30,0039","-51,1465"
10/03/2020 01:58,403,TITO ZAMBECARI X LUCAS DE OLIVEIRA,,R TITO LIVIO ZAMBECARI,167,"-30,0287","-51,1945"
10/03/2020 01:58,128,CUNHA LOUZADA X OSCAR PEREIRA,3339-6812,R GEN CUNHA LOUZADA,10,"-30,0694","-51,2047"
10/03/2020 01:58,299,"ABILIO AZAMBUJA X SÃO BENEDITO, PROF.",,R PROF ABILIO AZAMBUJA,555,"-30,048","-51,1666"
10/03/2020 01:58,450,MONTE CRISTO X EDUARDO PRADO,,AV. MONTE CRISTO,1194,"-30,1233","-51,2215"
10/03/2020 01:58,102,SHOPPING CENTER IGUATEMI,3334-5545,AV JOAO WALLIG,1800,"-30,0254","-51,1632"
10/03/2020 01:58,220,ZERO HORA,,R ZERO HORA,5,"-30,0483","-51,2174"
10/03/2020 01:58,243,MAL FLORIANO PEIXOTO X ANDRADAS,,R MARECHAL FLORIANO PEIXOTO,91,"-30,0298","-51,2269"
10/03/2020 01:58,294,COMENDADOR MANOEL PEREIRA X CEL VICENTE,,R COMENDADOR MANOEL PEREIRA,72,"-30,026","-51,2217"
10/03/2020 01:58,13,CARAZINHO X PROTÁSIO ALVES,3334-3123,AV PROTASIO ALVES,2657,"-30,0434","-51,1826"
10/03/2020 01:58,44,CORONEL BORDINI X 24 DE OUTUBRO,3342-5319,R CEL BORDINI,509,"-30,0225","-51,197"
10/03/2020 01:58,328,CARLOS S. MARTINS PACHECO X ASSIS BRASIL,,R CARLOS SILVEIRA MARTINS PACHECO,114,"-30,0107","-51,1594"
10/03/2020 01:58,12,CASTRO DE MENEZES X WENCESLAU ESCOBAR,3264-6299,R DR CASTRO DE MENEZES,700,"-30,1017","-51,249"
10/03/2020 01:58,324,CONCEIÇÃO X PASSARELA DA RODOVIARIA,,R DA CONCEICAO,127,"-30,0243","-51,2196"
10/03/2020 01:58,321,CARLOS P. DE BRUM X FERNANDO M. RIBEIRO,,R CARLOS PESSOA DE BRUM,150,"-30,0572","-51,2067"
10/03/2020 01:58,73,CAVALHADA/OTTO,3249-2193,R AFONSO ARINOS,1016,"-30,1018","-51,2318"
10/03/2020 01:58,252,SANTA MARIA X BENTO GONÇALVES,,R SANTA MARIA,27,"-30,0621","-51,1678"
10/03/2020 01:58,451,FRANCISCO PETUCO X PLINIO BRASIL MILANO,,AV FRANCISCO PETUCO,45,"-30,0195","-51,1756"
10/03/2020 01:58,365,GAL. LIMA E SILVA X LUIZ AFONSO,,R GEN LIMA E SILVA,606,"-30,0383","-51,2213"
10/03/2020 01:58,377,NEUSA GOULART BRIZOLA X VICENTE DA FONT.,,AV NEUSA GOULART BRIZOLA,2629,"-30,0398","-51,1974"
10/03/2020 01:58,477,Vigário José Inácio x Gal. Vitorino,,R VIGARIO JOSE IGNACIO,535,"-30,0283","-51,2285"
10/03/2020 01:58,247,ANNES DIAS X INDEPENDENCIA,,R PROF ANNES DIAS,285,"-30,0297","-51,2219"
10/03/2020 01:58,108,DIVINO,3321-4545,AV JOSE BONIFACIO,753,"-30,0364","-51,2103"
10/03/2020 01:58,424,GENL LIMA E SILVA X LOUREIRO DA SILVA,,R GEN LIMA E SILVA,200,"-30,0358","-51,2247"
10/03/2020 01:58,8,HOSPITAL DA PUC,3336-5921,AV IPIRANGA,6690,"-30,0575","-51,1764"
10/03/2020 01:58,62,JOSÉ INÁCIO DA SILVA C/ BRASILIANO ÍNDIO DE MORAIS,3341-8280,R MARECHAL JOSE INACIO DA SILVA,17,"-30,0092","-51,179"
10/03/2020 01:58,141,DEZESSETE DE JUNHO X GETÃšLIO VARGAS,3227-9786,R DEZESSETE DE JUNHO,755,"-30,0475","-51,2217"
10/03/2020 01:58,91,CENTRO CLÍNICO MÃE DE DEUS,3231-9591,R COSTA,30,"-30,0583","-51,2295"
10/03/2020 01:58,116,VALPARAÍSO X BARÃO DO AMAZONAS,3336-2748,R VALPARAISO,539,"-30,0534","-51,1888"
10/03/2020 01:58,204,VASCO ALVES X DUQUE DE CAXIAS,,R GEN VASCO ALVES,339,"-30,0344","-51,2382"
10/03/2020 01:58,455,DOM PEDRO X AMÉRICO VESPÚCIO,,R DOM PEDRO II,592,"-30,0124","-51,1881"
10/03/2020 01:58,471,Gomes Jardim x Leopoldo Bier,,R GOMES JARDIM,253,"-30,0283","-51,2285"
10/03/2020 01:58,389,RAMIRO BARCELOS X MOSTARDEIROS,,R RAMIRO BARCELOS,1101,"-30,0286","-51,2086"
10/03/2020 01:58,388,PRAIA DE BELAS X COSTA,,AV PRAIA DE BELAS,2254,"-30,0584","-51,2299"
10/03/2020 01:58,52,JOÃO ABOTT X PROTÁSIO ALVES,3331-1212,R JOAO ABBOTT,12,"-30,0428","-51,1896"
10/03/2020 01:58,134,PRAÇA JULIO DE CASTILHOS,3222-5845,PRAÇA JÚLIO DE CASTILHOS,19,"-30,0289","-51,2084"
10/03/2020 01:58,114,HOSPITAL BANCO DE OLHOS,3344-5513,R ENG WALTER BOEHL,285,"-30,0221","-51,1539"
10/03/2020 01:58,334,ENIO AVELINI DA ROCHA X EDUARDO PRADO,,R ENIO AVELINE DA ROCHA,8,"-30,1305","-51,2181"
10/03/2020 01:58,394,SÃO SIMÃO X PROTASIO ALVES,,R SAO SIMAO,49,"-30,0415","-51,1694"
10/03/2020 01:58,429,PLINIO BRASIL MILANO,,AV PLINIO BRASIL MILANO,2175,"-30,0156","-51,1719"
10/03/2020 01:58,110,FELIZARDO X BARÃO DO AMAZONAS,3332-4977,R FELIZARDO,300,"-30,0499","-51,1868"
10/03/2020 01:58,90,PROTASIO ALVES X PROF. DUPLAN,3388-8796,R PROF DUPLAN,14,"-30,0389","-51,2011"
10/03/2020 01:58,81,CONDOMÍNIO JARDIM AMÉRICA,3217-0833,R MOYSES ANTUNES DA CUNHA,55,"-30,0601","-51,2066"
10/03/2020 01:58,457,BELIZE X JOÃO ANTÔNIO DA SILVEIRA,,RUA BELIZE,100,"-30,1563","-51,1408"
10/03/2020 01:58,430,PROTÁSIO ALVES X JAIME TELLES,,AV PROTASIO ALVES,1578,"-30,041","-51,1921"
10/03/2020 01:58,133,BENTO GONÇALVES X APARÍCIO BORGES,3339-2633,AV BENTO GONCALVES,2905,"-30,0639","-51,186"
10/03/2020 01:58,467,BECO SOUZA COSTA X AV PROTASIO ALVES,,BC SOUZA COSTA,58,"-30,0435","-51,1369"
10/03/2020 01:58,363,PROF. LANGENDONCK X PROTASIO ALVES,,R PROF LANGENDONCK,37,"-30,0434","-51,1893"
10/03/2020 01:58,378,NILOPOLIS X CARAZINHO,,AV NILOPOLIS,540,"-30,0367","-51,187"
10/03/2020 01:58,487,Bento Gonçalves 1515,,AV BENTO GONCALVES,1515,"-30,0565","-51,1981"
10/03/2020 01:58,146,RODOVIÁRIA (ANEXO/NOTURNO),,R DA CONCEICAO,120,"-30,0243","-51,2196"
10/03/2020 01:58,419,PRES FRANKLIN ROOSEVELT X SERTÓRIO,,AV PRESIDENTE FRANKLIN ROOSEVELT,168,"-30,0014","-51,2003"
10/03/2020 01:58,281,JOÃO DE OLIVEIRA REMIÃO - PARADA 21,33197059,ESTR JOAO DE OLIVEIRA REMIAO,8640,"-30,1355","-51,0944"
10/03/2020 01:58,360,JOSÉ DO PATROCINIO X JOAQUIM NABUCO,,R JOSE DO PATROCINIO,851,"-30,042","-51,2211"
10/03/2020 01:58,385,PRAIA DE BELAS X CECILIA MEIRELES 1,,AV PRAIA DE BELAS,1181,"-30,0489","-51,2279"
10/03/2020 01:58,421,IPIRANGA X AZENHA,,AV IPIRANGA,1801,"-30,0472","-51,2118"
10/03/2020 01:58,7,HOSPITAL CRISTO REDENTOR,3345-1858,R DOMINGOS RUBBO,51,"-30,0102","-51,1591"
10/03/2020 01:58,313,BERLIM X PARÁ,,AV BERLIM,409,"-30,0133","-51,1999"
10/03/2020 01:58,198,ERICO VERISSIMO X VISCONDE DO HERVAL,,AV ERICO VERISSIMO,960,"-30,0537","-51,2183"
10/03/2020 01:58,276,SHOPPING TOTAL (ÁREA INTERNA),3018-8818,AV CRISTOVAO COLOMBO,545,"-30,0256","-51,2126"
10/03/2020 01:58,439,ARY TARRAGÔ(RESIDENCIAL ALTO PETRÓPOLIS),,R TEN ARY TARRAGO,340,"-30,0392","-51,1356"
10/03/2020 01:58,472,Lima e Silva x República,,R GEN LIMA E SILVA,461,"-30,0283","-51,2285"
10/03/2020 01:58,140,SÃO PEDRO X BAHIA,3343-5217,AV SAO PEDRO,893,"-30,0112","-51,2004"
10/03/2020 01:58,315,"BORDINI, CEL X 24 DE OUTUBRO",,R CEL BORDINI,643,"-30,0234","-51,1969"
10/03/2020 01:58,322,CIPO X FRANCISCO BITENCOURT/ARY R LIMA,,R CIPO,270,"-30,0203","-51,1615"
10/03/2020 01:58,22,ISMAEL CHAVES BARCELOS C/ BORGES DE MEDEIROS,3224-9803,R ISMAEL CHAVES BARCELOS,0,"-30,0441","-51,2289"
10/03/2020 01:58,106,MADRE ANA X OSCAR PEREIRA,3339-2777,R MADRE ANA,314,"-30,0786","-51,1987"
10/03/2020 01:58,383,PLINIO BRASIL MILANO X EDUARDO CHARTER,,AV PLINIO BRASIL MILANO,1120,"-30,0204","-51,18"
10/03/2020 01:58,406,VERISSIMO ROSA X BENTO GONÇALVES,,R VERISSIMO ROSA,44,"-30,0573","-51,1955"
10/03/2020 01:58,486,Nilo Peçanha,,AV DR NILO PECANHA,1640,"-30,0278","-51,1749"
10/03/2020 01:58,18,PORTUGUESA X BENTO GONÇALVES,3336-8635,RUA PORTUGUESA,10,"-30,0593","-51,1928"
10/03/2020 01:58,127,1º DE SETEMBRO X BENTO GONÇALVES,3336-5993,R PRIMEIRO DE SETEMBRO,10,"-30,0623","-51,1645"
10/03/2020 01:58,245,VIG JOSE INACIO X JULIO DE CASTILHOS,,R VIGARIO JOSE IGNACIO,114,"-30,0264","-51,2257"
10/03/2020 01:58,147,IGREJA SANTO ANTONIO,,R TOMAZ EDISON,61,"-30,0591","-51,2014"
10/03/2020 01:58,303,ARI MARINHO X JOSÉ INACIO DA SILVA MAL,,R ARI MARINHO,297,"-30,0133","-51,1796"
10/03/2020 01:58,36,PRAÇA DOM SEBASTIÃO,32240810,AV INDEPENDENCIA,275,"-30,0295","-51,2188"
10/03/2020 01:58,54,MONTE CRISTO X RODRIGUES DA FONSECA,3248-1286,AV MONTE CRISTO,33,"-30,1178","-51,208"
10/03/2020 01:58,277,RAMIRO BARCELOS,3328-5535,R RAMIRO BARCELOS,1859,"-30,0355","-51,2084"
10/03/2020 01:58,445,AZEVEDO X CONDE DE PORTO ALEGRE,,TRAVESSA AZEVEDO,56,"-30,0154","-51,2051"
10/03/2020 01:58,425,GEN LIMA E SILVA X VENÂNCIO AIRES,,R GEN LIMA E SILVA,1100,"-30,0418","-51,2178"
10/03/2020 01:58,392,SANTO INACIO X HILARIO RIBEIRO,,R SANTO INACIO,96,"-30,0244","-51,2065"
10/03/2020 01:58,465,AV. INDEPENDÊNCIA,,AV INDEPENDENCIA,581,"-30,0294","-51,2156"
10/03/2020 01:58,71,MOINHOS SHOPPING,3222-0874,R FELIX DA CUNHA,1099,"-30,023","-51,202"
10/03/2020 01:58,437,JOAQUIM DE CARVALHO X JOÃO SALOMONI,,RUA JOAQUIM DE CARVALHO,30,"-30,1138","-51,2194"
10/03/2020 01:58,77,ZAFFARI CAVALHADA,3241-2626,AV DA CAVALHADA,3621,"-30,1076","-51,2276"
10/03/2020 01:58,103,PROTÁSIO ALVES X OTÁVIO SANTOS,33861040,R DR OTAVIO SANTOS,110,"-30,0418","-51,1453"
10/03/2020 01:58,214,BORGES DE MEDEIROS X FERNANDO MACHADO,,AV BORGES DE MEDEIROS,929,"-30,0348","-51,2281"
10/03/2020 01:58,390,REPUBLICA X PRAIA DE BELAS,,RUA DA REPUBLICA,901,"-30,0416","-51,228"
10/03/2020 01:58,407,VICENTE DE PAULA D. X BORGES DE MEDEIROS,,R DR VICENTE DE PAULA DUTRA,111,"-30,0442","-51,2296"
10/03/2020 01:58,483,Cel. Vicente X Júlio de Castilhos,,R CEL VICENTE,0,"-30,0247","-51,2216"
10/03/2020 01:58,88,RECEITA FEDERAL,3227-3799,RUA IBANOR TARTAROTTI,0,"-30,0374","-51,2372"
10/03/2020 01:58,459,AV. GRECIA X AV. FRANCISCO TREIN,,AV. GRÉCIA S/Nº,0,"-30,0146","-51,1692"
10/03/2020 01:58,34,ARMANDO BARBEDO X WENCESLAU ESCOBAR,3311-0104,R DR ARMANDO BARBEDO,400,"-30,112","-51,2552"
10/03/2020 01:58,203,VASCO ALVES X DEMETRIO RIBEIRO,,R GEN VASCO ALVES,490,"-30,0357","-51,2376"
10/03/2020 01:58,218,JOAQUIM NABUCO X JOSE DO PATROCINIO,,R JOAQUIM NABUCO,332,"-30,0423","-51,2216"
10/03/2020 01:58,367,LUIZ VOELCKER X CARLOS HUBBER,,R LUIZ VOELCKER,281,"-30,037","-51,1715"
10/03/2020 01:58,49,EUGENIO RODRIGUES C/ JOAO ANTONIO DA SILVEIRA,3250-2189,R EUGENIO RODRIGUES,1558,"-30,1531","-51,1483"
10/03/2020 01:58,74,24 DE OUTUBRO X HILÁRIO RIBEIRO,3222-1990,R VINTE QUATRO DE OUTUBRO,474,"-30,0265","-51,2032"
10/03/2020 01:58,3,CARREFOUR PASSO D'AREIA,3341-0629,AV PLINIO BRASIL MILANO,2343,"-30,0125","-51,1714"
10/03/2020 01:58,33,RAMIRO BARCELOS X FREDERICO LINK,3311-4185,R CEL FREDERICO LINCK,25,"-30,0297","-51,2082"
10/03/2020 01:58,89,MARIANTE X MOSTARDEIRO,3222-3560,R MARIANTE,180,"-30,0294","-51,2042"
10/03/2020 01:58,215,HOTEL EVEREST,3225-6269,R DUQUE DE CAXIAS,1319,"-30,0337","-51,2282"
10/03/2020 01:58,28,JUSTIÇA FEDERAL,3286-0316,R OTAVIO FRANCISCO CARUSO DA ROCHA,600,"-30,0401","-51,2348"
10/03/2020 01:58,346,GAUCHOS X ASSIS BRASIL,,AV DOS GAUCHOS,2049,"-29,9932","-51,1291"
10/03/2020 01:58,301,AMELIA TELES X NILÓPOLIS,,R AMELIA TELES,392,"-30,0388","-51,191"
10/03/2020 01:58,468,DIRETRIZ 7121 X R JOAO ANTONIO SILVEIRA,,DIRETRIZ,7121,1,1
10/03/2020 01:58,344,FLORENCIO YGARTURA X MOSTARDEIRO,,R DR FLORENCIO YGARTUA,391,"-30,03","-51,203"
10/03/2020 01:58,416,TRAVESSA DO CARMO,,TRAV DO CARMO,84,"-30,0385","-51,226"
10/03/2020 01:58,446,BENNO MENTZ X VINTE E SEIS DE ABRIL,,R. BENNO MENTZ,1560,"-30,0248","-51,1466"
10/03/2020 01:58,10,GENERAL CALDWELL X GETÚLIO VARGAS,3233-2503,R GEN CALDWELL,620,"-30,0509","-51,2219"
10/03/2020 01:58,227,CALDAS JUNIOR X ANDRADAS,,R CALDAS JUNIOR,261,"-30,0307","-51,2319"
10/03/2020 01:58,373,MIGUEL TOSTES X CABRAL,,R MIGUEL TOSTES,621,"-30,0337","-51,2058"
10/03/2020 01:58,376,MUCIO TEIXEIRA X MARCILIO DIAS,,R MUCIO TEIXEIRA,699,"-30,0513","-51,2245"
10/03/2020 01:58,46,HOSPITAL ERNESTO DORNELLES,3223-9245,AV IPIRANGA,1801,"-30,0472","-51,2118"
10/03/2020 01:58,64,ZAFFARI F. VIEIRA,3311-3208,R FERNANDES VIEIRA,345,"-30,0324","-51,211"
10/03/2020 01:58,226,JOAO PESSOA X REPUBLICA,,AV JOAO PESSOA,599,"-30,0371","-51,2196"
10/03/2020 01:58,263,HOTEL RADISSON,33882727,AV. CEL. LUCAS DE OLIVEIRA,995,"-30,0313","-51,1946"
10/03/2020 01:58,449,SERTÓRIO X DONA ALZIRA,,AV. SERTORIO,6767,"-29,9979","-51,14"
10/03/2020 01:58,350,IPIRANGA (HOSPITAL PUC),,AV IPIRANGA,6000,"-30,0587","-51,181"
10/03/2020 01:58,32,JOSÉ DO PATROCÍNIO X REPÚBLICA,3224-8972,R JOSE DO PATROCINIO,413,"-30,039","-51,2241"
10/03/2020 01:58,14,ADELINO F. JARDIM X MARTIM F. BERTA,3366-8346,AV ADELINO FERREIRA JARDIM,15,"-30,0212","-51,1072"
10/03/2020 01:58,107,ANTONIO GIUDICE X PROTASIO ALVES,3386-4644,AV ANTONIO GIUDICE,115,"-30,0381","-51,1242"
10/03/2020 01:58,173,DIVISA X ICARAÍ,,AV DIVISA,480,"-30,0847","-51,24"
10/03/2020 01:58,293,BORGES DE MEDEIROS X SALGADO FILHO,,AV BORGES DE MEDEIROS,450,"-30,0305","-51,2277"
10/03/2020 01:58,404,TULIO DE ROSE X TADEU ONAR,,AV TULIO DE ROSE,10,"-30,0228","-51,1632"
10/03/2020 01:58,15,BIG SHOP (SERTÓRIO),3340-4840,AV SERTORIO,6600,"-29,9978","-51,1426"
10/03/2020 01:58,130,LINDÓIA SHOPPING,3347-3610,AV PANAMERICANA,47,"-30,01","-51,1511"
10/03/2020 01:58,318,CAJU X PROTÁSIO ALVES,,R CAJU,23,"-30,0436","-51,1822"
10/03/2020 01:58,379,NUNES X OSCAR PEREIRA,,R NUNES,596,"-30,0699","-51,2048"
10/03/2020 01:58,39,PRAÇA PRINCESA ISABEL,3223-1555,PCA PRINCESA ISABEL,0,"-30,0508","-51,2128"
10/03/2020 01:58,78,SOUZA GOMES X WENCESLAU ESCOBAR,3311-9246,TRAV GERMANO GARCIA,10,"-30,1099","-51,2535"
10/03/2020 01:58,254,HOTEL EMBAIXADOR,32801213,R JERONIMO COELHO,325,"-30,0326","-51,2261"
10/03/2020 01:58,387,PRAIA DE BELAS X BASTIAN,,AV PRAIA DE BELAS,1400,"-30,0506","-51,2281"
10/03/2020 01:58,422,PRINCESA ISABEL X GOMES JARDIM,,AV PRINCESA ISABEL,771,"-30,0472","-51,206"
10/03/2020 01:58,37,LAGEADO / NACIONAL,3332-8343,AV LAGEADO,507,"-30,0395","-51,1845"
10/03/2020 01:58,43,JOSÉ DE ALENCAR X GONÇALVES DIAS,3233-1098,R JOSE DE ALENCAR,940,"-30,0605","-51,222"
10/03/2020 01:58,99,TRÊS DE ABRIL (INSS-IAPI),3341-4593,R TRES DE ABRIL,0,"-30,0138","-51,1784"
10/03/2020 01:58,476,Liberdade x Paraguai,,R LIBERDADE,227,"-30,0283","-51,2285"
10/03/2020 01:58,16,HOSPITAL DE CLÍNICAS,3332-5789,R RAMIRO BARCELOS,2350,"-30,0399","-51,2081"
10/03/2020 01:58,98,SPORT CLUB SÃO JOSÉ X ASSIS BRASIL,3341-6211,R SPORT CLUB SAO JOSE,75,"-30,0104","-51,1712"
10/03/2020 01:58,323,CLEMENCIANO BARNASQUE X TERESÓPOLIS,,AV CLEMENCIANO BARNASQUE,30,"-30,0818","-51,2116"
10/03/2020 01:58,210,AUGUSTO DE CARVALHO X WASHINGTON LUIS,,AV AUGUSTO DE CARVALHO,10,"-30,0368","-51,2326"
10/03/2020 01:58,473,Lima e Silva x Venâncio Aires,,R GEN LIMA E SILVA,1066,"-30,0283","-51,2285"
10/03/2020 01:58,391,SANTA TEREZINHA X JERONIMO DE ORNELAS,,R SANTA TEREZINHA,450,"-30,0413","-51,21"
10/03/2020 01:58,139,MUCIO TEIXEIRA X BOTAFOGO,3233-8416,R MUCIO TEIXEIRA,515,"-30,0495","-51,2242"
10/03/2020 01:58,42,QUINTINO BOCAIÚVA,3342-7366,R QUINTINO BOCAIUVA,136,"-30,0192","-51,198"
10/03/2020 01:58,169,ITAPITOCAI X ICARAÍ,,R ITAPITOCAI,19,"-30,0902","-51,2416"
10/03/2020 01:58,275,DUQUE DE CAXIAS,32242088,R DUQUE DE CAXIAS,717,"-30,0338","-51,2343"
10/03/2020 01:58,279,REPÚBLICA,3225-5211,R DA REPUBLICA,274,"-30,0204","-51,1453"
10/03/2020 01:58,340,FERNANDO GOMES X PADRE CHAGAS,,R FERNANDO GOMES,100,"-30,0266","-51,2051"
10/03/2020 01:58,386,PRAIA DE BELAS X CECILIA MEIRELES 2,,AV PRAIA DE BELAS,1181,"-30,0489","-51,2279"
10/03/2020 01:58,193,GETULIO VARGAS,30297310,AV GETULIO VARGAS,1118,"-30,0545","-51,2224"
10/03/2020 01:58,339,FELIX DA CUNHA X MARQUES DO POMBAL,,R FELIX DA CUNHA,901,"-30,021","-51,2021"
10/03/2020 01:58,343,FLAVIO PAUL X CRISTIANO FISCHER,,R FLAVIO PAUL,10,"-30,0527","-51,1704"
10/03/2020 01:58,481,PADRE CACIQUE(GIGANTINHO),,AV PADRE CACIQUE,651,"-30,0283","-51,2285"
10/03/2020 01:58,461,CRISTÓVÃO C. X FELICISSIMO AZEVEDO,,R. FELICÍSSIMO DE AZEVEDO,900,"-30,0166","-51,1887"
10/03/2020 01:58,484,Extinto: Polônia x Pernambuco,,AV POLONIA,822,"-30,0094","-51,2008"
10/03/2020 01:58,87,VASCO DA GAMA X JOÃO TELES,3312-4967,R VASCO DA GAMA,15,"-30,0317","-51,2121"
10/03/2020 01:58,368,LUZITANA X ASSIS BRASIL,,R LUZITANA,22,"-30,0084","-51,1842"
10/03/2020 01:58,331,"CECILIA, DONA X AZENHA",,R DONA CECILIA,18,"-30,0577","-51,2155"
10/03/2020 01:58,211,FERNANDO MACHADO X BORGES DE MEDEIROS,,R CEL FERNANDO MACHADO,860,"-30,0349","-51,229"
10/03/2020 01:58,231,GEN CAMARA X SETE DE SETEMBRO,,R GEN CAMARA,156,"-30,0291","-51,2299"
10/03/2020 01:58,426,MANOEL ELIAS,,AV MANOEL ELIAS,2006,"-30,0335","-51,1214"
10/03/2020 01:58,462,R. ARACY FROES X R. DR OTAVIO DOS SANTOS,,R ARACY FROES,257,"-30,0398","-51,1451"
10/03/2020 01:58,464,AV. SEVERO DULLIUS (PEPSI ON STAGE),,AV SEVERO DULLIUS,1995,"-29,9882","-51,1781"
10/03/2020 01:58,188,MANOEL LOBATO X ABELARDO MARQUES,,R PROF MANOEL LOBATO,151,"-30,0699","-51,2163"
10/03/2020 01:58,440,CECÍLIO MONZA X HEITOR VIEIRA,,RUA DOUTOR CECÍLIO MONZA,137,"-30,1541","-51,1343"
10/03/2020 01:58,255,HOTEL SAVOY,3212-9339,AV BORGES DE MEDEIROS,688,"-30,0326","-51,2278"
10/03/2020 01:58,136,SATURNINO DE BRITO X DOM LUIS GUANELLA,3334-9309,AV SATURNINO DE BRITO,1627,"-30,0274","-51,1507"
10/03/2020 01:58,359,JOSÉ DE ALENCAR X ANTENOR LEMOS,,R JOSE DE ALENCAR,259,"-30,0597","-51,229"
10/03/2020 01:58,431,SÃO GUILHERME X BENTO GONÇALVES,,R SAO GUILHERME,6,"-30,0626","-51,1614"
10/03/2020 01:58,11,BOURBON IPIRANGA,3315-4433,R DEZOITO DE SETEMBRO,199,"-30,0563","-51,1867"
10/03/2020 01:58,19,CARREFOUR,3336-0034,R ALBION,111,"-30,0608","-51,1658"
10/03/2020 01:58,5,AEROPORTO SALGADO FILHO,3342-5000,AV SEVERO DULLIUS,90010,"-29,9891","-51,1683"
10/03/2020 01:58,272,PORTO ALEGRE RESIDENCE HOTEL,,TRAV TUYUTY,10,"-30,0334","-51,224"
10/03/2020 01:58,288,LUIZ MANOEL GONZAGA X CARLOS GOMES,,AV LUIZ MANOEL GONZAGA,450,"-30,0341","-51,1769"
10/03/2020 01:58,463,AV. ÉRICO VERÍSSIMO X AV. IPIRANGA,,AV ERICO VERISSIMO,400,"-30,0489","-51,2181"
10/03/2020 01:58,142,CUBANOS X ALBION,3336-5323,AV DOS CUBANOS,303,"-30,0589","-51,1662"
10/03/2020 01:58,109,INSTITUTO DE CARDIOLOGIA,3223-5434,AV PRINCESA ISABEL,395,"-30,0489","-51,209"
10/03/2020 01:58,320,CÂNCIO GOMES X SANTOS DUMONT,,R CANCIO GOMES,372,"-30,017","-51,2089"
10/03/2020 01:58,29,FÉLIX DA CUNHA X CRISTÓVÃO COLOMBO,3222-2290,R FELIX DA CUNHA,561,"-30,0181","-51,2024"
10/03/2020 01:58,111,SÃO PEDRO X PRESIDENTE ROOSEVELT,3343-5512,AV SAO PEDRO,531,"-30,0099","-51,2038"
10/03/2020 01:58,93,EURICO LARA X JOSÉ DE ALENCAR,3233-0213,R EURICO LARA,51,"-30,0603","-51,2169"
10/03/2020 01:58,84,SÃO FRANCISCO X VICENTE DA FONTOURA,3223-4312,R VICENTE DA FONTOURA,1500,"-30,0476","-51,1999"
10/03/2020 01:58,474,"Casemiro de Abreu x Bordini, Cel",,R CASEMIRO DE ABREU,1233,"-30,0283","-51,2285"
10/03/2020 01:58,470,Félix da Cunha (Anexo),,R FELIX DA CUNHA,681,"-30,0283","-51,2285"
10/03/2020 01:58,408,24 DE OUTUBRO X OLAVO BARRETO VIANA,,R VINTE QUATRO DE OUTUBRO,722,"-30,0247","-51,201"
10/03/2020 01:58,423,JOÃO GUIMARÃES X PROTÁSIO ALVES,,R JOAO GUIMARAES,87,"-30,0397","-51,2015"
10/03/2020 01:58,9,CRISTÓVÃO COLOMBO/FELICÍSSIMO DE AZEVEDO,3342-1733,AV CRISTOVAO COLOMBO,3187,"-30,0176","-51,1884"
10/03/2020 01:58,95,LAURO MÜLLER X A. J. RENNER,3374-2070,R LAURO MULLER,560,"-29,997","-51,1962"
10/03/2020 01:58,364,LIBERO BADARO X ANITA GARIBALDI,,R LIBERO BADARO,420,"-30,0215","-51,1713"
10/03/2020 01:58,441,PRESÍDIO CENTRAL,,RUA DO PRESÍDIO,476,1,1
10/03/2020 01:58,286,DOMINGOS CRESCÊNCIO X SANTANA,,R DOMINGOS CRESCENCIO,358,"-30,0491","-51,2067"
10/03/2020 01:58,371,MARIANTE X CASEMIRO DE ABREU,,R MARIANTE,399,"-30,0313","-51,2043"
10/03/2020 01:58,50,NACIONAL LEOPOLDINA,3366-1183,R DR ROMAGUERA DA CUNHA CORREA,11,"-30,0154","-51,1119"
10/03/2020 01:58,300,SÃO MIGUEL X APARICIO BORGES,,RUA SÃO MIGUEL,220,"-30,0727","-51,1925"
10/03/2020 01:58,349,GOETHE X MOSTARDEIRO,,AV GOETHE,0,"-30,0296","-51,2011"
10/03/2020 01:58,124,SÃO LUIZ X IPIRANGA,3223-3944,R SAO LUIZ,96,"-30,0445","-51,2066"
10/03/2020 01:58,317,CABRAL X JOAQUIM PEDRO SALGADO,,R CABRAL,1009,"-30,0349","-51,1979"
10/03/2020 01:58,260,MILLENIUM FLAT,3223-3340,R DR ALTER CINTRA DE OLIVEIRA,0,"-30,0549","-51,2289"
10/03/2020 01:58,418,FABRICIO PILAR X ARTHUR ROCHA,,R TEN CEL FABRICIO PILAR,800,"-30,0254","-51,1893"
10/03/2020 01:58,75,SANTO ANTONIO,,R SANTO ANTONIO,782,"-30,0321","-51,2143"
10/03/2020 01:58,233,URUGUAI X SIQUEIRA CAMPOS,,RUA URUGUAI,155,"-30,0282","-51,229"
10/03/2020 01:58,53,PORTO SECO,3340-9519,AV DANTE ANGELO PILLA,98,"-30,0142","-51,1191"
10/03/2020 01:58,82,JERÔNIMO DE ORNELAS X JOÃO PESSOA,3223-4852,AV JERONIMO DE ORNELAS,14,"-30,0433","-51,2145"
10/03/2020 01:58,26,ZAFFARI HIGIENÓPOLIS,3328-7880,AV PLINIO BRASIL MILANO,1000,"-30,0208","-51,1813"
10/03/2020 01:58,104,PAULINO TEIXEIRA X PROTÁSIO ALVES,3331-9633,R CEL PAULINO TEIXEIRA,423,"-30,0381","-51,2032"
10/03/2020 01:58,332,CEFER II X ANTONIO DE CARVALHO,,RUA UM - CEFER II,10,"-30,0535","-51,1471"
10/03/2020 01:58,381,PALMIRA GOBBI X BONIFACIO NUNES,,AV PALMIRA GOBBI,990,"-29,9787","-51,189"
10/03/2020 01:58,4,TRIÂNGULO,3340-0110,R GOMES DE FREITAS,72,"-30,0108","-51,143"
10/03/2020 01:58,240,DR FLORES X SEN SALGADO FILHO,,R DR FLORES,449,"-30,0076","-51,1528"
10/03/2020 01:58,264,HOTEL INTERCITY,3337-2140,R PROF SARMENTO BARATA,297,"-29,9983","-51,194"
10/03/2020 01:58,163,CAVALHADA X EDUARDO PRADO,,AV. DA CAVALHADA,5088,"-30,1207","-51,2245"
10/03/2020 01:58,217,ANDRE BELO X GETULIO VARGAS,,R CEL ANDRE BELO,705,"-30,0465","-51,222"
10/03/2020 01:58,274,HOTEL LANCASTER,3212-7267,R GEN ANDRADE NEVES,159,"-30,0308","-51,2282"
10/03/2020 01:58,273,VICENTE DA FONTOURA,3232-7848,R VICENTE DA FONTOURA,1164,"-30,0492","-51,2028"
10/03/2020 01:58,338,CARLOS VON KOSERITZ X CRISTOVÃO COLOMBO,,R FELICISSIMO DE AZEVEDO,1020,"-30,0178","-51,1886"
10/03/2020 01:58,194,VISCONDE DO HERVAL X GETULIO VARGAS,,R VISCONDE DO HERVAL,690,"-30,0532","-51,2221"
10/03/2020 01:58,212,PRAÇA MARECHAL DEODORO X DUQUE DE CAXIAS,,PRAÇA MARECHAL DEODORO,101,"-30,0323","-51,2301"
10/03/2020 01:58,242,DR FLORES X ANDRADAS,,R DR FLORES,263,"-30,0068","-51,1525"
10/03/2020 01:58,312,BENTO GONÇALVES X APARICIO BORGES,,AV BENTO GONCALVES,2905,"-30,0631","-51,1864"
10/03/2020 01:58,38,ALFA X PROTÁSIO ALVES,3334-4212,R ALFA,55,"-30,0383","-51,173"
10/03/2020 01:58,58,REPUBLICA X JOÃO PESSOA,3227-4355,R DA REPUBLICA,24,"-30,0365","-51,2203"
10/03/2020 01:58,138,SILVADO X BENTO GONÇALVES,3315-3504,R TEN ALPOIM,39,"-30,0653","-51,1819"
10/03/2020 01:58,297,ANGELO CORSO X CEL MASSOT,,R. ANGELO CORSO,5,"-30,0976","-51,2338"
10/03/2020 01:58,250,CARLOS CHAGAS X JULIO DE CASTILHOS,,R CARLOS CHAGAS,55,"-30,0249","-51,2229"
10/03/2020 01:58,479,Rua Jorge Babot Miranda x Av. Juca Batista,,R JORGE BABOT MIRANDA,80,"-30,0283","-51,2285"
10/03/2020 01:58,361,JOSÉ FERREIRA DA SILVA X BENTO GONÇALVES,,R DR JOSE FERREIRA DA SILVA,100,"-30,0624","-51,1876"
10/03/2020 01:58,259,HOTEL HOLIDAY,3388-4728,AV CARLOS GOMES,565,"-30,0269","-51,1821"
10/03/2020 01:58,336,FARRAPOS X HOFFMANN,,AV FARRAPOS,1295,"-30,0193","-51,21"
10/03/2020 01:58,307,ASSIS BRASIL X SERTÓRIO,,AV ASSIS BRASIL,8282,"-29,9822","-51,1158"
10/03/2020 01:58,137,JOÃO ALFREDO X REPÚBLICA,3211-2260,R DA REPUBLICA,677,"-30,0402","-51,2259"
10/03/2020 01:58,435,BOULEVARD STRIP CENTER,,AV ASSIS BRASIL,4320,"-30,0089","-51,1435"
10/03/2020 01:58,92,MARILAND X 24 DE OUTUBRO,3342-4398,AV MARILAND,815,"-30,0221","-51,1939"
10/03/2020 01:58,342,DONA FIRMINA X BENTO GONÇALVES,,RUA DONA FIRMINA,11,"-30,0619","-51,1712"